group_key,product_id,title,brand,ram,ssd,cpu,mall,first_price,latest_price,min_price,max_price,avg_price,change_rate,period_change_rate,observed_count,seller_count,mall_count,is_latest_min,buy_timing_score,first_date,latest_date,timing_signal,link
Apple|MACBOOKAIR2020|i7|16GB|1TB,90740303951,Apple 리퍼제품 MacBook Air 2020 13.3인치인텔 코어 i7 16GB RAM 1TB SSD 스토리지 - 스페이스 그레이리퍼제품,Apple,16GB,1TB,i7,볼트르마켓,1216160,1052720,1052720,1216160,1211534,-13.11,-13.44,106,1,1,Y,89,2026-06-18,2026-07-31,구매 적기,https://smartstore.naver.com/main/products/13195792854
삼성전자|NT931XDBI51135|i5|16GB|512GB,60550232497,삼성전자 삼성 갤럭시북 Pro NT931XDB (i5-1135G7 16GB S512GB Win11P) 리퍼상품,삼성전자,16GB,512GB,i5,G마켓,643000,597990,597990,643000,642134,-6.87,-7.0,52,2,2,Y,75.9,2026-06-26,2026-07-22,구매 유리,https://link.gmarket.co.kr/gate/pcs?item-no=4786954239&sub-id=1003&service-code=10000003&lcd=100000002
레노버|업그레이드레노버싱크패드T47014인치16G512GFHD윈1||16GB|512GB,90593878943,[업그레이드 리퍼] 레노버 싱크패드 T470 14인치 16G/512G FHD 윈10 508019,레노버,16GB,512GB,,라이프하우스W,557600,519440,519440,557600,552830,-6.04,-6.84,8,2,2,Y,62.2,2026-06-22,2026-07-31,최근 최저가,https://smartstore.naver.com/main/products/13049367851
삼성전자|갤럭시북프로코어I511세대16GB512GB|i5|16GB|512GB,58891874979,중고노트북 갤럭시북 프로 코어I5 11세대 / Win11 / 16gb / 512gb,삼성전자,16GB,512GB,i5,11번가,806550,749000,726530,849000,810767,-7.62,-7.14,214,2,2,N,57.3,2026-06-18,2026-07-31,평균 대비 저렴,https://www.11st.co.kr/connect/Gateway.tmall?method=Xsite&prdNo=9100234754&tid=1000000061
LG전자|15Z980I58250U16|i5|16GB|512GB,60773338786,중고 LG 그램 15Z980 i5-8250U 16G SSD 512G 윈도우11 Pro FHD 업무용 고사양,LG전자,16GB,512GB,i5,G마켓,600430,573120,573120,606620,596358,-3.9,-4.55,12,2,2,Y,55.5,2026-07-18,2026-07-31,최근 최저가,https://link.gmarket.co.kr/gate/pcs?item-no=4800295794&sub-id=1003&service-code=10000003&lcd=100000002
레노버|X13|Ryzen 5|32GB|1TB,58571338671,레노버 (현대Hmall)리퍼 씽크패드 X13 노트북 RAM32GB 33.78cm SSD1TB 라이젠5프로,레노버,32GB,1TB,Ryzen 5,옥션,795840,795840,795840,812420,799012,-0.4,0.0,315,4,3,Y,53.8,2026-06-18,2026-07-31,최근 최저가,https://link.auction.co.kr/gate/pcs?item-no=F457619211&sub-id=1&service-code=10000003
삼성전자|NT951XCJ|i5|16GB|512GB,59638617098,삼성전자 NT951XCJ 리퍼 갤럭시북 인텔10세대 i5-10210U DDR4 16G NVMe512G 윈도우11 15.6풀HD,삼성전자,16GB,512GB,i5,G마켓,558600,558600,558600,588000,569135,-1.85,0.0,48,3,3,Y,53.3,2026-07-15,2026-07-31,최근 최저가,https://link.gmarket.co.kr/gate/pcs?item-no=3346415558&sub-id=1003&service-code=10000003&lcd=100000002
삼성전자|NT951XDB11|i7|16GB|512GB,59819582910,[리퍼] 삼성 갤럭시북 pro NT951XDB 11세대 i7 16G NVMe512G 윈11 실버 573548,삼성전자,16GB,512GB,i7,11번가,1169700,1119400,1119400,1169700,1149123,-2.59,-4.3,22,1,1,Y,48.7,2026-06-24,2026-07-29,최근 최저가,https://www.11st.co.kr/connect/Gateway.tmall?method=Xsite&prdNo=9308451885&tid=1000000061
삼성전자|NT951XCJ|i7|16GB|512GB,59638617098,삼성전자 NT951XCJ 리퍼 갤럭시북 인텔10세대 i7-10510U DDR4 16G NVMe512G 윈도우11 15.6풀HD,삼성전자,16GB,512GB,i7,G마켓,574480,558600,546840,588000,582055,-4.03,-2.76,214,4,4,N,48.1,2026-06-21,2026-07-13,가격 관찰,https://link.gmarket.co.kr/gate/pcs?item-no=3346415558&sub-id=1003&service-code=10000003&lcd=100000002
Apple|애플애플맥북프로A2338M116GSSD1TB133인치|Apple M1|16GB|1TB,60935581502,애플 리퍼 애플 맥북프로 A2338 (M1/16G/SSD1TB/13.3인치),Apple,16GB,1TB,Apple M1,옥션,920550,920550,920550,930240,925023,-0.48,0.0,26,5,2,Y,43.2,2026-07-07,2026-07-24,최근 최저가,https://link.auction.co.kr/gate/pcs?item-no=F370317976&sub-id=1&service-code=10000003
Apple|MACBOOKPRO|i7|16GB|1TB,89761549537,Apple 리퍼제품 MacBook Pro 15인치 Core i7 2.8GHz 레티나MGXG2LL/A 16GB RAM 1TB 솔리드 스테이트 드라이브리퍼제품,Apple,16GB,1TB,i7,에스아울렛,932640,932640,844160,1016400,976041,-4.45,0.0,214,3,2,N,43.0,2026-06-18,2026-07-31,가격 관찰,https://smartstore.naver.com/main/products/12217038832
LG전자|15ZB95N|i5|16GB|512GB,91165398577,LG 가벼운 노트북 Gram 15 인텔 i5 16G SSD512G 15ZB95N,LG전자,16GB,512GB,i5,일체형pc  중고노트북,1109000,1109000,1109000,1141440,1112139,-0.28,0.0,31,2,2,Y,42.3,2026-06-19,2026-07-31,최근 최저가,https://smartstore.naver.com/main/products/13620888160
레노버|레노버레노버씽크패드T560I716G512G156FHD윈10|i7|16GB|512GB,52980913832,레노버 레노버 씽크패드 T560 i7 16G 512G 15.6FHD 윈10 중고,레노버,16GB,512GB,i7,G마켓,371420,360050,360050,371420,362806,-0.76,-3.06,11,2,2,Y,41.4,2026-07-05,2026-07-28,최근 최저가,https://link.gmarket.co.kr/gate/pcs?item-no=2467701005&sub-id=1003&service-code=10000003&lcd=100000002
삼성전자|NT951XDB|i7|16GB|512GB,59638740599,삼성전자 리퍼 갤럭시북 NT951XDB 인텔11세대 i7-1165G7 DDR4 16G NVMe512G Iris 윈도우11 15.6풀HD,삼성전자,16GB,512GB,i7,옥션,764360,748600,732840,788000,773187,-3.18,-2.06,183,3,3,N,41.3,2026-06-21,2026-07-20,가격 관찰,https://link.auction.co.kr/gate/pcs?item-no=F532785429&sub-id=1&service-code=10000003
Apple|새것미개봉재고보유맥북에어M415인치16GB512GB미드나잇|Apple M4|16GB|512GB,90793480386,"[새것,미개봉,재고보유] 맥북에어 M4 15인치 16GB 512GB 미드나잇 풀커버케이스 포함",Apple,16GB,512GB,Apple M4,아이문,2130000,2090000,2090000,2130000,2123333,-1.57,-1.88,6,1,1,Y,38.1,2026-07-02,2026-07-08,최근 최저가,https://smartstore.naver.com/main/products/13248970054
레노버|X13GEN1|i5|16GB|1TB,60186668025,레노버 레노버 씽크패드 X13 GEN1 10세대 i5 16GB 1TB 윈11 중고노트북,레노버,16GB,1TB,i5,옥션,493730,498820,493730,512050,504218,-1.07,1.03,186,3,3,N,31.8,2026-06-18,2026-06-26,가격 관찰,https://link.auction.co.kr/gate/pcs?item-no=F412964074&sub-id=1&service-code=10000003
레노버|X390|i5|16GB|512GB,59819364078,[리퍼] 레노버 씽크패드 X390 i5 16G 512G Win11 터치스크린 573526,레노버,16GB,512GB,i5,11번가,483620,698800,480150,749880,540248,29.35,44.49,236,7,5,N,30,2026-06-18,2026-07-22,가격 관찰,https://www.11st.co.kr/connect/Gateway.tmall?method=Xsite&prdNo=9308457452&tid=1000000061
레노버|X13|Ryzen 5|32GB|512GB,58571344876,레노버 (현대Hmall)리퍼 씽크패드 노트북 32GB Win11 X13 SSD512GB 라이젠5Pro 4650U,레노버,32GB,512GB,Ryzen 5,옥션,671040,671040,659000,671040,670716,0.05,0.0,155,3,3,N,27,2026-06-18,2026-07-31,가격 관찰,https://link.auction.co.kr/gate/pcs?item-no=F457619212&sub-id=1&service-code=10000003
레노버|X390|i7|16GB|512GB,59819383036,[리퍼] 레노버 씽크패드 X390 i7 램16GB NVMe512GB Win11 573525,레노버,16GB,512GB,i7,11번가,484530,703900,484530,786880,602754,16.78,45.27,90,5,4,N,27,2026-06-18,2026-07-22,가격 관찰,https://www.11st.co.kr/connect/Gateway.tmall?method=Xsite&prdNo=9308457681&tid=1000000061
LG전자|15Z90N10|i7|16GB|512GB,59819440025,[리퍼] LG 그램 15Z90N 10세대 i7 16G 512G Win10 573523,LG전자,16GB,512GB,i7,11번가,999000,1257900,879000,1257900,1123186,11.99,25.92,82,4,3,N,24,2026-06-19,2026-07-31,가격 관찰,https://www.11st.co.kr/connect/Gateway.tmall?method=Xsite&prdNo=9308458240&tid=1000000061
LG전자|16Z90SVP55||16GB|512GB,91175326796,LG 그램 16Z90S-VP55 울트라5 16GB 512GB 윈11프로 리퍼 노트북,LG전자,16GB,512GB,,보스위즈,1949000,1949000,1949000,1949000,1949000,0.0,0.0,191,2,2,N,23,2026-06-18,2026-07-23,가격 관찰,https://smartstore.naver.com/main/products/13630816132
LG전자|16Z90S16||16GB|512GB,58892213689,중고노트북 LG 그램 16인치 16z90s 16인치/16GB/512GB,LG전자,16GB,512GB,,롯데ON,1598000,1703610,1598000,1748560,1642889,3.7,6.61,132,2,2,N,23,2026-06-18,2026-07-21,가격 관찰,https://www.lotteon.com/p/product/LO2620033577?sitmNo=LO2620033577_2620033578&ch_no=100065&ch_dtl_no=1000030&entryPoint=pcs&dp_infw_cd=CHT
LG전자|15ZB90QI51240P|i5|16GB|1TB,91174152806,엘지 gram노트북 SSD1TB 윈도우11 그램 15ZB90Q i5 1240P 램16기가,LG전자,16GB,1TB,i5,일체형pc  중고노트북,1299000,1299000,1299000,1299000,1299000,0.0,0.0,215,1,1,N,19,2026-06-18,2026-07-31,가격 관찰,https://smartstore.naver.com/main/products/13629642197
LG전자|14ZB95N|i7|16GB|512GB,91175148329,LG 그램 11세대 인텔i7 램16기가 SSD512GB WIN11 노트북 14ZB95N,LG전자,16GB,512GB,i7,일체형pc  중고노트북,899000,899000,899000,899000,899000,0.0,0.0,183,1,1,N,19,2026-06-19,2026-07-31,가격 관찰,https://smartstore.naver.com/main/products/13630637665
레노버|레노버씽크패드I716G512G터치|i7|16GB|512GB,89251365216,레노버 씽크패드 i7 16G 512G 사무용 인강용 터치 리퍼노트북 윈도우11,레노버,16GB,512GB,i7,피씨솔루션,599000,599000,599000,599000,599000,0.0,0.0,176,1,1,N,19,2026-06-18,2026-07-06,가격 관찰,https://smartstore.naver.com/main/products/11706854749
Apple|APPLE맥북프로142024년M4PRO14코어RAM24GB|Apple M4|24GB|512GB,90875969050,Apple 맥북프로 14 2024년 M4 Pro 14코어 RAM 24GB 512GB,Apple,24GB,512GB,Apple M4,스마트리퍼몰,2799000,2799000,2799000,2799000,2799000,0.0,0.0,114,1,1,N,19,2026-06-18,2026-06-26,가격 관찰,https://smartstore.naver.com/main/products/13331458718
Apple|APPLEM2PRO칩16인치32GBRAM1TBSSD스페이스|Apple M2|32GB|1TB,90583245166,Apple M2 Pro 칩 16인치 32GB RAM 1TB SSD 스페이스 그레이가 탑재된 MacBook 리퍼제품,Apple,32GB,1TB,Apple M2,카오아울렛,3127840,3127840,3127840,3127840,3127840,0.0,0.0,113,1,1,N,19,2026-06-18,2026-07-31,가격 관찰,https://smartstore.naver.com/main/products/13038734074
삼성전자|삼성플러스2I511세대1135G716GSSD512G윈111|i5|16GB|512GB,91106801324,삼성 노트북 플러스2 i5 11세대-1135G7 16G SSD512G 윈11 15.6인치,삼성전자,16GB,512GB,i5,일체형pc  중고노트북,699000,699000,699000,699000,699000,0.0,0.0,110,1,1,N,19,2026-06-18,2026-07-28,가격 관찰,https://smartstore.naver.com/main/products/13562290957
레노버|T14S|i5|16GB|512GB,90847758958,Lenovo 리퍼제품 레노버 씽크패드 T14s Gen2 노트북 14인치 FHD1920x1080 윈도우 11 프로 코어 i5-1145G7 512GB SSD 16GB RAM 지문,레노버,16GB,512GB,i5,다정아울렛,682240,682240,682240,682240,682240,0.0,0.0,105,1,1,N,19,2026-06-18,2026-07-23,가격 관찰,https://smartstore.naver.com/main/products/13303248626
삼성전자|14U7258V32GB1TB||32GB|1TB,90739609253,Samsung 리퍼제품 삼성 갤럭시 북5 프로 14 U7-258V 32GB 1TB 그레이,삼성전자,32GB,1TB,,볼트르마켓,1980320,2243600,1980320,2243600,2038568,10.06,13.29,113,1,1,N,19,2026-06-18,2026-07-31,가격 관찰,https://smartstore.naver.com/main/products/13195098156
LG전자|15Z90Q12|i5|16GB|1TB,59819415469,[리퍼] LG 그램 15Z90Q 12세대 i5 16G 1TB 윈도우포함 사무용 노트북 573431,LG전자,16GB,1TB,i5,11번가,1351600,1472000,1169000,1472000,1388338,6.03,8.91,13,3,3,N,17,2026-06-19,2026-07-31,가격 관찰,https://www.11st.co.kr/connect/Gateway.tmall?method=Xsite&prdNo=9308492383&tid=1000000061
LG전자|14Z90QI512|i5|16GB|512GB,91077520348,중고 LG 그램 14Z90Q i5-12세대 RAM16GB NVME512GB 14인치 윈도우11 무선마우스증정,LG전자,16GB,512GB,i5,동우네트워크,899000,899000,899000,899000,899000,0.0,0.0,85,1,1,N,16,2026-06-18,2026-07-31,가격 관찰,https://smartstore.naver.com/main/products/13533009995
LG전자|14ZB995|i5|16GB|512GB,91175258335,LG 노트북 gram 10세대 14ZB995 윈11 인텔i5 16GB SSD512GB,LG전자,16GB,512GB,i5,일체형pc  중고노트북,709000,709000,709000,709000,709000,0.0,0.0,67,1,1,N,16,2026-06-18,2026-07-17,가격 관찰,https://smartstore.naver.com/main/products/13630747671
Apple|MACBOOKPRO|i7|32GB|512GB,59896965042,MacBook Pro 리퍼 중고맥북프로 2019 터치바 i7-9750H 32G SSD512G Pro560X 스페이스그레이 15인치,Apple,32GB,512GB,i7,G마켓,739100,739100,739100,739100,739100,0.0,0.0,66,1,1,N,16,2026-06-18,2026-06-24,가격 관찰,https://link.gmarket.co.kr/gate/pcs?item-no=4744559114&sub-id=1003&service-code=10000003&lcd=100000002
LG전자|15ZB90Q|i5|16GB|512GB,91174139223,LG gram 15ZB90Q 인텔i5 12세대 노트북 16GB SSD512GB WIN11,LG전자,16GB,512GB,i5,일체형pc  중고노트북,1169000,1169000,1169000,1169000,1169000,0.0,0.0,65,1,1,N,16,2026-06-20,2026-07-23,가격 관찰,https://smartstore.naver.com/main/products/13629628614
LG전자|17Z90TLGU75||16GB|512GB,91175326601,LG 그램 17Z90TL-GU75 울트라7 16GB 512GB 코파일럿 AI 노트북 리퍼,LG전자,16GB,512GB,,보스위즈,2349000,2349000,2349000,2349000,2349000,0.0,0.0,62,1,1,N,16,2026-06-20,2026-07-31,가격 관찰,https://smartstore.naver.com/main/products/13630815937
LG전자|LGGRAMI71165G7가벼운16GBSSD1TB|i7|16GB|1TB,91175156047,LG Gram 노트북 i7-1165G7 가벼운 사무용 16GB SSD1TB 윈도우11,LG전자,16GB,1TB,i7,일체형pc  중고노트북,1059000,1059000,1059000,1059000,1059000,0.0,0.0,55,1,1,N,16,2026-06-20,2026-07-31,가격 관찰,https://smartstore.naver.com/main/products/13630645383
LG전자|업그레이드LG전자그램15I511세대16G512G나이스컨윈1|i5|16GB|512GB,88809262625,[업그레이드 리퍼] LG전자 그램15 i5-11세대 16G/512G 나이스컨 윈11,LG전자,16GB,512GB,i5,뉴딕션 몰,959000,959000,959000,959000,959000,0.0,0.0,54,1,1,N,16,2026-06-18,2026-07-29,가격 관찰,https://smartstore.naver.com/main/products/11264752294
Apple|APPLE2019맥북프로16스페이스그레이I716GB512G|i7|16GB|512GB,91180820657,Apple 2019 맥북프로 16 스페이스그레이 i7 16GB 512GB,Apple,16GB,512GB,i7,리테크브릿지,490000,490000,490000,490000,490000,0.0,0.0,51,1,1,N,16,2026-06-21,2026-07-06,가격 관찰,https://smartstore.naver.com/main/products/13636309976
삼성전자|NT951XDB11|i5|16GB|1TB,59819467195,[리퍼] 삼성 갤럭시북 프로 NT951XDB 11세대 i5 램16G SSD1TB 윈11 울트라슬림 573550,삼성전자,16GB,1TB,i5,11번가,1143520,1245300,1143520,1245300,1162907,7.09,8.9,21,2,2,N,16,2026-06-18,2026-07-26,가격 관찰,https://www.11st.co.kr/connect/Gateway.tmall?method=Xsite&prdNo=9308451398&tid=1000000061
삼성전자|NT761XDARTX305|i5|16GB|512GB,89522905308,삼성 NT761XDA RTX3050Ti i5 램16GB SSD512G Win11 게이밍,삼성전자,16GB,512GB,i5,세컨핸드스토어,999000,999000,999000,999000,999000,0.0,0.0,48,1,1,N,12,2026-06-18,2026-07-30,가격 관찰,https://smartstore.naver.com/main/products/11978394620
레노버|25U16GBRAM1TBSS|Ryzen 7|16GB|1TB,91094324756,Lenovo 리퍼제품 ThinkPad E15 Gen 4 15.6 FHD IPS 디스플레이 비즈니스 노트북 AMD Ryzen 7 5825U 16GB RAM 1TB SSD Wi-,레노버,16GB,1TB,Ryzen 7,제스트아울렛,1818160,1818160,1818160,1818160,1818160,0.0,0.0,44,1,1,N,12,2026-06-18,2026-07-31,가격 관찰,https://smartstore.naver.com/main/products/13549814403
삼성전자|SAMSUNG제품삼성갤럭시북4엣지14인치AMOLED터치홈퀄||16GB|512GB,90739109466,Samsung 리퍼제품 삼성 갤럭시 북4 엣지 14인치 AMOLED 터치 윈도우 11 홈 퀄컴 8CX X세대 16GB DDR5x 512GB SSD 사파이어 블루리퍼제품,삼성전자,16GB,512GB,,볼트르마켓,1379200,1379200,1379200,1379200,1379200,0.0,0.0,42,1,1,N,12,2026-06-18,2026-07-31,가격 관찰,https://smartstore.naver.com/main/products/13194598369
삼성전자|삼성플러스2I311세대1115G416GSSD512G윈111|i3|16GB|512GB,89732394109,삼성 노트북 플러스2 i3 11세대-1115G4 16G SSD512G 윈11 15.6인치,삼성전자,16GB,512GB,i3,일체형pc  중고노트북,629000,629000,629000,629000,629000,0.0,0.0,33,1,1,N,12,2026-06-18,2026-07-23,가격 관찰,https://smartstore.naver.com/main/products/12187883404
Apple|애플맥북프로202013인치I7A225116GB512GBSS|i7|16GB|512GB,91182410982,애플 맥북 프로 2020 13인치 i7 A2251 16GB 512GB SSD 스페이스그레이,Apple,16GB,512GB,i7,리뉴올노트북,599000,599000,599000,599000,599000,0.0,0.0,30,1,1,N,12,2026-07-01,2026-07-31,가격 관찰,https://smartstore.naver.com/main/products/13637900273
삼성전자|삼성전자플러스2윈11I311세대16GSSD1TB삼성|i3|16GB|1TB,89732447000,삼성전자 노트북 플러스2 윈11 i3 11세대 16G SSD1TB 삼성노트북,삼성전자,16GB,1TB,i3,일체형pc  중고노트북,769000,769000,769000,769000,769000,0.0,0.0,26,1,1,N,12,2026-06-18,2026-06-20,가격 관찰,https://smartstore.naver.com/main/products/12187936295
삼성전자|NT960XHA||16GB|1TB,59735715161,삼성 가성비 리퍼 노트북 갤럭시북5프로 16인치 NT960XHA 울트라5 16GB 1TB,삼성전자,16GB,1TB,,11번가,1990000,1990000,1990000,1990000,1990000,0.0,0.0,22,1,1,N,12,2026-06-19,2026-07-23,가격 관찰,https://www.11st.co.kr/connect/Gateway.tmall?method=Xsite&prdNo=9163049395&tid=1000000061
레노버|LENOVO제품레노버씽크패드P15V2세대홈비즈니스인텔I71|i7|16GB|512GB,91135428599,Lenovo 리퍼제품 레노버 씽크패드 P15v 2세대 홈 비즈니스 노트북인텔 i7-11800H 8코어 16GB RAM 512GB PCIe SSD T600 15.6 60Hz 풀,레노버,16GB,512GB,i7,플러스아울렛1,813600,813600,813600,813600,813600,0.0,0.0,20,1,1,N,12,2026-07-01,2026-07-31,가격 관찰,https://smartstore.naver.com/main/products/13590918187
레노버|50URAM32GB|Ryzen 5|32GB|1TB,60089693308,레노버 [리퍼] ThinkPad X13 Gen1[라이젠5 Pro 4650U RAM 32GB 신품SSD 1TB 윈11] 507901,레노버,32GB,1TB,Ryzen 5,11번가,1034400,1046200,1034400,1046200,1042445,0.36,1.14,22,1,1,N,12,2026-06-18,2026-06-19,가격 관찰,https://www.11st.co.kr/connect/Gateway.tmall?method=Xsite&prdNo=9139932534&tid=1000000061
레노버|50URAM32GB|Ryzen 5|32GB|512GB,60089563600,레노버 [리퍼] ThinkPad X13 Gen1[라이젠5 Pro 4650U RAM 32GB 신품SSD512GB 윈11] 507894,레노버,32GB,512GB,Ryzen 5,11번가,872200,882200,872200,882200,878700,0.4,1.15,20,1,1,N,12,2026-06-18,2026-06-19,가격 관찰,https://www.11st.co.kr/connect/Gateway.tmall?method=Xsite&prdNo=9139918881&tid=1000000061
LG전자|15Z90Q12|i7|16GB|512GB,60676028136,LG전자 LG전자 리퍼 LG 그램 15Z90Q 12세대 i7 램16G SSD512G Win1,LG전자,16GB,512GB,i7,옥션,1112640,1112640,1112640,1112640,1112640,0.0,0.0,5,2,2,N,10,2026-07-04,2026-07-21,가격 관찰,https://link.auction.co.kr/gate/pcs?item-no=F602485643&sub-id=1&service-code=10000003
레노버|10U16GNVME512GU|i7|16GB|512GB,60088007291,레노버 LENOVO 리퍼노트북 ThinkPad T14s 인텔10세대 i7-10510U 16G NVMe512G UHD 윈도우11 14인치 507987,레노버,16GB,512GB,i7,11번가,616300,616300,616300,616300,616300,0.0,0.0,19,1,1,N,9,2026-06-18,2026-06-24,가격 관찰,https://www.11st.co.kr/connect/Gateway.tmall?method=Xsite&prdNo=9140157326&tid=1000000061
Apple|MACBOOKPRO|Apple M1|16GB|1TB,91099915338,Apple M1 칩 13.3인치 16GB RAM 1TB SSD 스페이스 그레이가 탑재된 Late 2020 MacBook Pro 리퍼제품,Apple,16GB,1TB,Apple M1,스마트아울렛1,1329440,1329440,1329440,1329440,1329440,0.0,0.0,13,1,1,N,9,2026-06-24,2026-07-11,가격 관찰,https://smartstore.naver.com/main/products/13555404971
LG전자|15U48016GSSD512|i5|16GB|512GB,91121813923,LG 노트북 i5-8세대 15U480 16G SSD512G MX150 윈10,LG전자,16GB,512GB,i5,일체형pc  중고노트북,589000,589000,589000,589000,589000,0.0,0.0,12,1,1,N,9,2026-06-18,2026-07-31,가격 관찰,https://smartstore.naver.com/main/products/13577303512
LG전자|14ZB99510|i5|16GB|512GB,59819353830,[리퍼] LG 그램 노트북 14ZB995 10세대 i5 DDR4 16G NVME512G 윈 573438,LG전자,16GB,512GB,i5,11번가,968300,968300,968300,968300,968300,0.0,0.0,12,1,1,N,9,2026-06-20,2026-06-22,가격 관찰,https://www.11st.co.kr/connect/Gateway.tmall?method=Xsite&prdNo=9308490740&tid=1000000061
LG전자|15U50NMX25010||16GB|512GB,91174085265,LG 노트북 10세대 15U50N MX250 10세대 16GB SSD512G WIN11,LG전자,16GB,512GB,,일체형pc  중고노트북,679000,679000,679000,679000,679000,0.0,0.0,9,1,1,N,6,2026-06-18,2026-07-13,가격 관찰,https://smartstore.naver.com/main/products/13629574656
Apple|APPLE제품2024맥북에어M3칩포함15인치24GBRAM5|Apple M3|24GB|512GB,90740068086,Apple 리퍼제품 2024 맥북 에어 M3 칩 포함 15인치 24GB RAM 512GB SSD 스토리지 스타라이트리퍼제품,Apple,24GB,512GB,Apple M3,볼트르마켓,1891120,1891120,1891120,1891120,1891120,0.0,0.0,9,1,1,N,6,2026-07-01,2026-07-29,가격 관찰,https://smartstore.naver.com/main/products/13195556990
LG전자|엘지그램14인치I710세대RAM16GSSD512G|i7|16GB|512GB,60289903434,엘지 그램 노트북 중고 14인치 i7 10세대 RAM 16G SSD512G win11,LG전자,16GB,512GB,i7,11번가,830000,830000,830000,830000,830000,0.0,0.0,7,1,1,N,6,2026-07-12,2026-07-18,가격 관찰,https://www.11st.co.kr/connect/Gateway.tmall?method=Xsite&prdNo=9399280699&tid=1000000061
삼성전자|NT951XDB11|i5|16GB|512GB,59819445115,[리퍼] 삼성 갤럭시북 프로 NT951XDB 11세대 i5 램16G SSD512G 윈11 울트라슬림 573494,삼성전자,16GB,512GB,i5,11번가,1106800,1106800,1106800,1106800,1106800,0.0,0.0,7,1,1,N,6,2026-07-09,2026-07-26,가격 관찰,https://www.11st.co.kr/connect/Gateway.tmall?method=Xsite&prdNo=9308464726&tid=1000000061
레노버|LENOVO제품THINKPADP52156FHDCOREI78|i7|32GB|1TB,90740442258,Lenovo 리퍼제품 ThinkPad P52 15.6 FHD Core i7-8850H 2.6GHz 32GB RAM 1TB 솔리드 스테이트 드라이브 Windows 11 Pro,레노버,32GB,1TB,i7,볼트르마켓,1096560,1096560,1096560,1096560,1096560,0.0,0.0,6,1,1,N,6,2026-06-26,2026-07-09,가격 관찰,https://smartstore.naver.com/main/products/13195931161
LG전자|15ZB95N|i5|16GB|1TB,91171087777,LG 노트북 gram 가벼운 노트북 인텔 i5 16G SSD1TB 15ZB95N,LG전자,16GB,1TB,i5,일체형pc  중고노트북,1234000,1234000,1234000,1234000,1234000,0.0,0.0,6,1,1,N,6,2026-06-25,2026-07-31,가격 관찰,https://smartstore.naver.com/main/products/13626577168
레노버|레노버THINKPADE16GEN113세대I51335U램16|i5|16GB|512GB,91183159853,레노버 ThinkPad E16 Gen1 13세대 i5-1335U 램16GB NVME512GB 15.6 윈도11 중고노트북,레노버,16GB,512GB,i5,도담코퍼레이션,698000,698000,698000,698000,698000,0.0,0.0,5,1,1,N,6,2026-06-26,2026-06-26,가격 관찰,https://smartstore.naver.com/main/products/13638649144
레노버|65U16GHZ16GBRAM|i5|16GB|512GB,90741369582,Lenovo 리퍼제품 ThinkPad T590 15.6 FHD Core i5-8365U 1.6GHz 16GB RAM 512GB 솔리드 스테이트 드라이브 Windows 11 P,레노버,16GB,512GB,i5,볼트르마켓,717040,717040,717040,717040,717040,0.0,0.0,5,1,1,N,6,2026-06-24,2026-07-23,가격 관찰,https://smartstore.naver.com/main/products/13196858485
LG전자|16Z90P11||16GB|512GB,60905535257,엘지 그램 노트북 중고 터치 스크린 360 16인치 16Z90P 11세대 16G 512G,LG전자,16GB,512GB,,11번가,1000000,1000000,1000000,1000000,1000000,0.0,0.0,5,1,1,N,6,2026-07-21,2026-07-30,가격 관찰,https://www.11st.co.kr/connect/Gateway.tmall?method=Xsite&prdNo=9503229386&tid=1000000061
Apple|애플2021맥북프로14MKGP3KHAM1PRO16G512G|Apple M1|16GB|512GB,59461386192,중고 애플 2021 맥북프로14 MKGP3KH/A M1 Pro 16G 512G 스페이스그레이,Apple,16GB,512GB,Apple M1,옥션,1706680,1706680,1706680,1706680,1706680,0.0,0.0,5,1,1,N,6,2026-07-24,2026-07-31,가격 관찰,https://link.auction.co.kr/gate/pcs?item-no=F520248388&sub-id=1&service-code=10000003
Apple|MACBOOKAIR|Apple M3|24GB|512GB,91140987263,Apple 리퍼제품 2024 MacBook Air와 M3 칩13인치 24GB RAM 512GB SSD 스토리지 자정리퍼제품,Apple,24GB,512GB,Apple M3,플러스아울렛1,1891120,1891120,1891120,1891120,1891120,0.0,0.0,5,1,1,N,6,2026-06-22,2026-06-24,가격 관찰,https://smartstore.naver.com/main/products/13596476851
Apple|MACBOOKAIR|Apple M3|16GB|512GB,91140752577,Apple 리퍼제품 2024 MacBook Air와 M3 칩15인치 16GB RAM 512GB SSD 스토리지QWERTY 영어 미드나잇프리미엄 업데이트,Apple,16GB,512GB,Apple M3,플러스아울렛1,1892800,1892800,1892800,1892800,1892800,0.0,0.0,5,1,1,N,6,2026-07-10,2026-07-28,가격 관찰,https://smartstore.naver.com/main/products/13596242165
Apple|MACBOOKPRO|Apple M2|16GB|512GB,91140891747,Apple 리퍼제품 2022 MacBook Pro애플 M2 칩 포함13인치 16GB RAM 512GB SSD 스토리지QWERTY 영어 실버프리미엄 Silver,Apple,16GB,512GB,Apple M2,플러스아울렛1,1904720,1904720,1904720,1904720,1904720,0.0,0.0,5,1,1,N,6,2026-06-26,2026-07-26,가격 관찰,https://smartstore.naver.com/main/products/13596381335
Apple|MACBOOKPRO||16GB|512GB,90739356146,Apple 리퍼제품 2025 MacBook Pro애플 M5 칩 포함14인치 16GB RAM 512GB SSD 스토리지 스페이스 블랙리퍼제품,Apple,16GB,512GB,,볼트르마켓,2558640,2558640,2558640,2558640,2558640,0.0,0.0,5,1,1,N,6,2026-07-01,2026-07-04,가격 관찰,https://smartstore.naver.com/main/products/13194845049
LG전자|오엠티1+1LG그램16인치울트라9시리즈2SSD2TBAI32|i3|32GB|2TB,60602606424,오엠티 1+1 LG 그램 노트북 리퍼 16인치 울트라9 시리즈2 SSD 2TB AI 32GB,LG전자,32GB,2TB,i3,롯데ON,6836460,6836460,6836460,6836460,6836460,0.0,0.0,5,1,1,N,6,2026-06-26,2026-06-26,가격 관찰,https://www.lotteon.com/p/product/LO2708542060?sitmNo=LO2708542060_2708542061&ch_no=100065&ch_dtl_no=1000030&entryPoint=pcs&dp_infw_cd=CHT
LG전자|17Z995RAM16GSSD|i7|16GB|512GB,60072780398,엘지 그램 gram 노트북 중고 17인치 i7 10세대 17Z995 RAM 16G SSD512G,LG전자,16GB,512GB,i7,11번가,1050000,1050000,1050000,1050000,1050000,0.0,0.0,4,1,1,N,6,2026-07-01,2026-07-03,가격 관찰,https://www.11st.co.kr/connect/Gateway.tmall?method=Xsite&prdNo=9359433336&tid=1000000061
LG전자|엘지그램GRAM16인치I711세대RAM16GSSD512G|i7|16GB|512GB,60291160166,엘지 그램 gram 노트북 중고 16인치 i7 11세대 RAM 16G SSD512G,LG전자,16GB,512GB,i7,11번가,1050000,1050000,1050000,1050000,1050000,0.0,0.0,4,1,1,N,6,2026-07-10,2026-07-20,가격 관찰,https://www.11st.co.kr/connect/Gateway.tmall?method=Xsite&prdNo=9399280659&tid=1000000061
레노버|레노버가성비씽크패드X1카본GEN10I712세대16GB512|i7|16GB|512GB,90857799984,레노버 가성비 리퍼 노트북 씽크패드 X1 카본 GEN10 i7-12세대 16GB 512GB,레노버,16GB,512GB,i7,SMINT,1690000,1690000,1690000,1690000,1690000,0.0,0.0,4,1,1,N,6,2026-07-01,2026-07-03,가격 관찰,https://smartstore.naver.com/main/products/13313289652
레노버|T14S|i7|16GB|1TB,60356978146,레노버 씽크패드 T14s Gen1 10세대 i7 램16G SSD1TB Win11Pro ThinkPad 중고노트북,레노버,16GB,1TB,i7,G마켓,498820,498820,498820,498820,498820,0.0,0.0,3,1,1,N,6,2026-07-01,2026-07-02,가격 관찰,https://link.gmarket.co.kr/gate/pcs?item-no=4774773878&sub-id=1003&service-code=10000003&lcd=100000002
레노버|레노버레노버씽크패드X1카본GEN9인텔11세대I71165G7|i7|16GB|512GB,60932516841,레노버 레노버 씽크패드 X1 카본 Gen9 인텔11세대 i7-1165G7 램16GB NVME512GB 14 FHD 윈도우11 중고노트북,레노버,16GB,512GB,i7,G마켓,758100,758100,758100,758100,758100,0.0,0.0,3,1,1,N,6,2026-07-25,2026-07-27,가격 관찰,https://link.gmarket.co.kr/gate/pcs?item-no=4491272180&sub-id=1003&service-code=10000003&lcd=100000002
LG전자|15U50P|i7|16GB|512GB,91174980683,LG 울트라PC 11세대 SSD512GB 노트북 인텔i7 16GB MX450 15U50P,LG전자,16GB,512GB,i7,일체형pc  중고노트북,809000,809000,809000,809000,809000,0.0,0.0,3,1,1,N,6,2026-06-25,2026-06-26,가격 관찰,https://smartstore.naver.com/main/products/13630470019
LG전자|17Z90NRAM16GSSD|i5|16GB|512GB,60072764128,엘지 그램 gram 노트북 중고 17인치 i5 10세대 17Z90N RAM 16G SSD512G,LG전자,16GB,512GB,i5,11번가,950000,950000,950000,950000,950000,0.0,0.0,3,1,1,N,6,2026-07-12,2026-07-15,가격 관찰,https://www.11st.co.kr/connect/Gateway.tmall?method=Xsite&prdNo=9359433297&tid=1000000061
LG전자|15Z90Q12|i5|16GB|512GB,59278928957,[리퍼] LG 그램 15Z90Q 12세대 i5 16G 512G 윈도우포함 사무용 노트북,LG전자,16GB,512GB,i5,GSSHOP,1119000,1119000,1119000,1119000,1119000,0.0,0.0,3,1,1,N,6,2026-07-04,2026-07-21,가격 관찰,http://with.gsshop.com/alia/aliaGate.gs?media=OB&ecpid=1110201552&vodFlag=N&prdseqnum=1110201552&utm_source=price&utm_medium=affiliate&utm_campaign=naver
Apple|MACBOOKPRO|Apple M2|16GB|1TB,91138868160,Apple 리퍼제품 2023 MacBook Pro와 M2 Pro 칩16인치 16GB RAM 1TB SSDQWERTY 영어 스페이스 그레이프리미엄 업데이트,Apple,16GB,1TB,Apple M2,플러스아울렛1,2857040,2857040,2857040,2857040,2857040,0.0,0.0,3,1,1,N,6,2026-07-13,2026-07-15,가격 관찰,https://smartstore.naver.com/main/products/13594357748
LG전자|1+1LG그램16인치울트라7시리즈2SSD1TB32GB||32GB|1TB,60602149641,1+1 LG 그램 노트북 리퍼 16인치 울트라7 시리즈2 SSD 1TB 32GB WIN11,LG전자,32GB,1TB,,11번가,6799900,6799900,6799900,6799900,6799900,0.0,0.0,3,1,1,N,6,2026-07-01,2026-07-03,가격 관찰,https://www.11st.co.kr/connect/Gateway.tmall?method=Xsite&prdNo=9453459882&tid=1000000061
Apple|애플맥북프로13인치A2251I510세대16G512GCTO특|i5|16GB|512GB,83973161524,[애플 리퍼] 맥북프로 13인치 A2251 i5-10세대 16G/512G CTO 특별가,Apple,16GB,512GB,i5,뉴딕션 몰,599000,599000,599000,599000,599000,0.0,0.0,2,1,1,N,6,2026-07-23,2026-07-23,가격 관찰,https://smartstore.naver.com/main/products/6428661191
레노버|65U190GHZ16GBRA|i7|16GB|512GB,91140012124,Lenovo 리퍼제품 레노버 씽크패드 T490 14인치 풀 HD 터치스크린 노트북 인텔 코어 i7-8665U 1.90GHz 16GB RAM 512GB SSD UHD 그래픽 윈도,레노버,16GB,512GB,i7,플러스아울렛1,731520,731520,731520,731520,731520,0.0,0.0,2,1,1,N,6,2026-07-01,2026-07-02,가격 관찰,https://smartstore.naver.com/main/products/13595501712
레노버|레노버씽크패드X1카본GEN9인텔11세대I71165G7램16|i7|16GB|512GB,60932958250,레노버 씽크패드 X1 카본 Gen9 인텔11세대 i7-1165G7 램16GB NVME512GB 14 FHD 윈도우11 중고노트북,레노버,16GB,512GB,i7,11번가,798000,798000,798000,798000,798000,0.0,0.0,2,1,1,N,6,2026-07-25,2026-07-26,가격 관찰,https://www.11st.co.kr/connect/Gateway.tmall?method=Xsite&prdNo=9508033784&tid=1000000061
LG전자|15ZD95NRAM16GSS||16GB|512GB,55412917236,LG 엘지 그램 gram 노트북 중고 15인치 15ZD95N RAM 16G SSD512G,LG전자,16GB,512GB,,롯데ON,850000,850000,850000,850000,850000,0.0,0.0,2,1,1,N,6,2026-07-07,2026-07-08,가격 관찰,https://www.lotteon.com/p/product/LO2504624612?sitmNo=LO2504624612_2504624613&ch_no=100065&ch_dtl_no=1000030&entryPoint=pcs&dp_infw_cd=CHT
LG전자|엘지그램14인치I711세대RAM16GSSD512G|i7|16GB|512GB,60904241020,엘지 그램 노트북 중고 14인치 i7 11세대 RAM 16G SSD 512G win11,LG전자,16GB,512GB,i7,롯데ON,880000,880000,880000,880000,880000,0.0,0.0,2,1,1,N,6,2026-07-26,2026-07-27,가격 관찰,https://www.lotteon.com/p/product/LO2727164063?sitmNo=LO2727164063_2727164064&ch_no=100065&ch_dtl_no=1000030&entryPoint=pcs&dp_infw_cd=CHT
LG전자|17Z90NRAM16GSSD|i7|16GB|512GB,60072757503,엘지 그램 gram 노트북 중고 17인치 i7 10세대 17Z90N RAM 16G SSD512G,LG전자,16GB,512GB,i7,11번가,1050000,1050000,1050000,1050000,1050000,0.0,0.0,2,1,1,N,6,2026-07-14,2026-07-15,가격 관찰,https://www.11st.co.kr/connect/Gateway.tmall?method=Xsite&prdNo=9359433311&tid=1000000061
레노버|65U32GB1TBSSDW1|i7|32GB|1TB,90739922184,Lenovo 리퍼제품 레노버 씽크패드 X1 요가 G8 14인치 터치 노트북 i7-1365U 32GB 1TB SSD W11P,레노버,32GB,1TB,i7,볼트르마켓,1250800,1250800,1250800,1250800,1250800,0.0,0.0,2,1,1,N,6,2026-06-24,2026-06-24,가격 관찰,https://smartstore.naver.com/main/products/13195411087
LG전자|15ZB90Q||16GB|1TB,60768874057,[리퍼] 엘지 그램 12세대 가벼운 노트북 WIN11 16G SSD1TB 15ZB90Q,LG전자,16GB,1TB,,11번가,1260030,1260030,1260030,1260030,1260030,0.0,0.0,2,1,1,N,6,2026-07-10,2026-07-11,가격 관찰,https://www.11st.co.kr/connect/Gateway.tmall?method=Xsite&prdNo=9479704170&tid=1000000061
레노버|50U19GHZ32GBDDR|Ryzen 7|32GB|1TB,91138238018,Lenovo 리퍼제품 레노버 씽크패드 T14s 2세대 14인치 터치스크린 노트북 라이젠 7 프로 5850U 1.9GHz 32GB DDR4 1TB NVMe S 1TB NVMe SSD,레노버,32GB,1TB,Ryzen 7,플러스아울렛1,1738160,1738160,1738160,1738160,1738160,0.0,0.0,2,1,1,N,6,2026-07-28,2026-07-29,가격 관찰,https://smartstore.naver.com/main/products/13593727606
Apple|APPLE제품2024맥북에어M3칩포함13인치16GBRAM5|Apple M3|16GB|512GB,90740796226,Apple 리퍼제품 2024 맥북 에어 M3 칩 포함 13인치 16GB RAM 512GB SSD 스토리지 미드나잇리퍼제품,Apple,16GB,512GB,Apple M3,볼트르마켓,1771600,1771600,1771600,1771600,1771600,0.0,0.0,2,1,1,N,6,2026-07-22,2026-07-23,가격 관찰,https://smartstore.naver.com/main/products/13196285129
Apple|애플맥북프로M216인치23년형SSD512GBRAM16GB제|Apple M2|16GB|512GB,58689019594,애플 맥북프로 M2 16인치 23년형 SSD512GB Ram16GB 중고 제품,Apple,16GB,512GB,Apple M2,굿앤샾,2540000,2540000,2540000,2540000,2540000,0.0,0.0,2,1,1,N,6,2026-07-26,2026-07-27,가격 관찰,https://goodnshop.com/product/detail.html?product_no=1433&cate_no=163&display_group=1&utm_source=naver&utm_medium=shopping&utm_campaign=knowledge_shopping&mkt_in=Y&ghost_mall_id=naver&ref=naver_open
Apple|MACBOOKPRO|Apple M2|32GB|2TB,90740938370,Apple 리퍼제품 2021 MacBook Pro 및 M1 Max 칩 1016인치 32GB RAM 2TB SSD 스토리지QWERTY 영어 스페이스 그레이리퍼제품,Apple,32GB,2TB,Apple M2,볼트르마켓,2854320,2854320,2854320,2854320,2854320,0.0,0.0,2,1,1,N,6,2026-07-10,2026-07-11,가격 관찰,https://smartstore.naver.com/main/products/13196427273
LG전자|1+1LG그램16인치울트라7SSD2TB32GB||32GB|2TB,60602152290,1+1 LG 그램 노트북 리퍼 16인치 울트라7 SSD 2TB 32GB WIN11,LG전자,32GB,2TB,,11번가,5799900,5799900,5799900,5799900,5799900,0.0,0.0,2,1,1,N,6,2026-07-05,2026-07-06,가격 관찰,https://www.11st.co.kr/connect/Gateway.tmall?method=Xsite&prdNo=9453459674&tid=1000000061
레노버|레노버레노버씽크패드E15I510210U램16GNVME512|i5|16GB|512GB,60860768781,레노버 레노버 씽크패드 E15 I5-10210U 램16G NVME512G 15.6FHD 윈11 중고노트북,레노버,16GB,512GB,i5,G마켓,417050,417050,417050,417050,417050,0.0,0.0,1,1,1,N,6,2026-07-23,2026-07-23,가격 관찰,https://link.gmarket.co.kr/gate/pcs?item-no=3829643222&sub-id=1003&service-code=10000003&lcd=100000002
레노버|10U16GBDDR4RAM5|i7|16GB|512GB,91137535159,Lenovo 리퍼제품 레노버 씽크패드 E15 Gen1 15.6 FHD1920 x 1080 쿼드 코어 i7-10510U 16GB DDR4 RAM 512GB SSD 타입-C HD,레노버,16GB,512GB,i7,플러스아울렛1,581040,581040,581040,581040,581040,0.0,0.0,1,1,1,N,6,2026-07-26,2026-07-26,가격 관찰,https://smartstore.naver.com/main/products/13593024747
레노버|00U16GBRAM512GB|Ryzen 7|16GB|512GB,91140877121,Lenovo 리퍼제품 레노버 씽크패드 T495s 14인치 FHD 비즈니스 노트북 AMD 라이젠 7 프로 3700U 16GB RAM 512GB SSD 윈도우 11 얇고 가벼운 H,레노버,16GB,512GB,Ryzen 7,플러스아울렛1,630720,630720,630720,630720,630720,0.0,0.0,1,1,1,N,6,2026-07-12,2026-07-12,가격 관찰,https://smartstore.naver.com/main/products/13596366709
레노버|레노버씽크패드X1카본GEN9I7램16GB1TBPRO|i7|16GB|1TB,60501295626,[리퍼] 레노버 씽크패드 X1 카본 GEN9 i7 램16GB 1TB Win11Pro,레노버,16GB,1TB,i7,GSSHOP,799000,799000,799000,799000,799000,0.0,0.0,1,1,1,N,6,2026-06-22,2026-06-22,가격 관찰,http://with.gsshop.com/alia/aliaGate.gs?media=OB&ecpid=1098282715&vodFlag=N&prdseqnum=1098282715&utm_source=price&utm_medium=affiliate&utm_campaign=naver
레노버|10U16GBRAM512GB|i7|16GB|512GB,90740355836,Lenovo 리퍼제품 레노버 씽크패드 P15s G1 모바일 워크스테이션 노트북 15인치 FHD IPS 디스플레이 코어 i7-10610U 16GB RAM 512GB SSD USB,레노버,16GB,512GB,i7,볼트르마켓,857600,857600,857600,857600,857600,0.0,0.0,1,1,1,N,6,2026-06-26,2026-06-26,가격 관찰,https://smartstore.naver.com/main/products/13195844739
LG전자|15Z95NRAM16GSSD|i7|16GB|512GB,60290940239,엘지 그램 gram 노트북 중고 15인치 i7 10세대 15Z95N RAM 16G SSD512G win11,LG전자,16GB,512GB,i7,11번가,910000,910000,910000,910000,910000,0.0,0.0,1,1,1,N,6,2026-07-03,2026-07-03,가격 관찰,https://www.11st.co.kr/connect/Gateway.tmall?method=Xsite&prdNo=9399280414&tid=1000000061
레노버|10U16GB512GBSSD|i7|16GB|512GB,91136966591,Lenovo 리퍼제품 레노버 씽크패드 X1 요가 5세대 14인치 터치 노트북 i7-10610U 16GB 512GB SSD W11P,레노버,16GB,512GB,i7,플러스아울렛1,915040,915040,915040,915040,915040,0.0,0.0,1,1,1,N,6,2026-07-29,2026-07-29,가격 관찰,https://smartstore.naver.com/main/products/13592456180
LG전자|17Z90Q17|i7|32GB|512GB,60930462000,중고 LG 그램 17Z90Q 17인치 i7-1260P 32GB SSD 512GB Win11 Pro 초경량 노트북,LG전자,32GB,512GB,i7,G마켓,1270000,1270000,1270000,1270000,1270000,0.0,0.0,1,1,1,N,6,2026-07-27,2026-07-27,가격 관찰,https://link.gmarket.co.kr/gate/pcs?item-no=4809292640&sub-id=1003&service-code=10000003&lcd=100000002
LG전자|1+1LG그램17인치코어I7SSD1TB16GB|i7|16GB|1TB,60602137977,1+1 LG 그램 노트북 리퍼 17인치 터치스크린 코어i7 SSD 1TB 16GB WIN11,LG전자,16GB,1TB,i7,11번가,4199900,4199900,4199900,4199900,4199900,0.0,0.0,1,1,1,N,6,2026-07-03,2026-07-03,가격 관찰,https://www.11st.co.kr/connect/Gateway.tmall?method=Xsite&prdNo=9453459293&tid=1000000061
LG전자|1+1LG그램17인치울트라7SSD1TB16GB||16GB|1TB,60602148489,1+1 LG 그램 노트북 리퍼 17인치 터치스크린 울트라7 SSD 1TB 16GB WIN11,LG전자,16GB,1TB,,11번가,4399900,4799900,4399900,4799900,4699900,2.13,9.09,4,2,1,N,6,2026-07-03,2026-07-12,가격 관찰,https://www.11st.co.kr/connect/Gateway.tmall?method=Xsite&prdNo=9453461019&tid=1000000061
Apple|MACBOOKPRO|Apple M1|32GB|1TB,90582493634,Apple M1 Max 칩이 탑재된 2021 MacBook Pro 16인치 32GB RAM 1TB SSD 스토리지 스페이스 그레이리퍼제품 32GB RAM/ 1TB SSD,Apple,32GB,1TB,Apple M1,카오아울렛,2115520,2477600,2115520,2477600,2206040,12.31,17.12,8,1,1,N,6,2026-07-03,2026-07-10,가격 관찰,https://smartstore.naver.com/main/products/13037982542
